Gene	Aliases Used	OG/TSG	MutSig	GISTIC amp	GISTIC del	Hotspots (AA #)	3D Hotspots (AA #)	OncoKB copy-number	OncoKB mutations	OQL all copy	OQL filtered copy	OQL filtered mut	OQL for GAM
EIF4EBP1	4EBP1	OG	0	LUAD;	THCA;								
AKT1		OG	1	GBM;pancan;	;	E17, L52, Q79, D323		AMP	p.E17K, p.E40K, p.D323Y, p.R370C, p.L52R, p.Q79K, p.L52H, p.W80R, p.E49K, p.R23L, p.G311D, p.D323N	AMP	AMP	MUT=E17 MUT=L52 MUT=Q79 MUT=D323 MUT=E17K MUT=E40K MUT=D323Y MUT=R370C MUT=L52R MUT=Q79K MUT=L52H MUT=W80R MUT=E49K MUT=R23L MUT=G311D MUT=D323N	AKT1: AMP MUT=E17 MUT=L52 MUT=Q79 MUT=D323 MUT=E17K MUT=E40K MUT=D323Y MUT=R370C MUT=L52R MUT=Q79K MUT=L52H MUT=W80R MUT=E49K MUT=R23L MUT=G311D MUT=D323N
AKT2		OG	0		;			AMP	p.R170Q, p.I289M, p.R170W, p.R368H, p.H355Y, p.E17K	AMP	AMP	MUT=R170Q MUT=I289M MUT=R170W MUT=R368H MUT=H355Y MUT=E17K	AKT2: AMP MUT=R170Q MUT=I289M MUT=R170W MUT=R368H MUT=H355Y MUT=E17K
AKT3		OG	0		PCPG;	E17		AMP	p.E17K	AMP		MUT=E17	AKT3:  MUT=E17
AKT1S1	AKTS1	OG	0	;	;								
DEPDC5			0	;	;								
DEPTOR		OG	0	;	THCA;								
INPP4B		TSG	0	;	;			HOMDEL	truncating mutations		HOMDEL	MUT=TRUNC	INPP4B: HOMDEL MUT=TRUNC
MAPKAP1		OG	0	;	;								
MLST8		OG	0	;	;		R221, A223, R248					MUT=R221 MUT=A223 MUT=R248	MLST8:  MUT=R221 MUT=A223 MUT=R248
MTOR		OG	1	;	;	S2215, T1977, I2500, F1888, L2427, E1799, C1483, V2006, M2327, A1971, L1460, A1459	A1459, L1460, V1461, Y1463, K1465, M1467, R1480, C1483, A1971, I1973, Y1974, T1977, M1998, V2006		p.L2427Q, p.C1483R, p.E1799K, p.A1971T, p.M2327I, p.S2215Y, p.I2500N, p.Q2223K, p.I2500F, p.T1977K, p.C1483Y, p.Y1463S, p.L1460P, p.T1977R, p.I2500M, p.V2006I, p.T1977I, p.L1433S, p.C1483F, p.A1459P, p.V2006L, p.A1519T, p.F1888L, p.K1452N, p.S2215F, p.E2419K, p.L2427R, p.L2230V			MUT=S2215 MUT=T1977 MUT=I2500 MUT=F1888 MUT=L2427 MUT=E1799 MUT=C1483 MUT=V2006 MUT=M2327 MUT=A1971 MUT=L1460 MUT=A1459 MUT=V1461 MUT=Y1463 MUT=K1465 MUT=M1467 MUT=R1480 MUT=I1973 MUT=Y1974 MUT=M1998 MUT=L2427Q MUT=C1483R MUT=E1799K MUT=A1971T MUT=M2327I MUT=S2215Y MUT=I2500N MUT=Q2223K MUT=I2500F MUT=T1977K MUT=C1483Y MUT=Y1463S MUT=L1460P MUT=T1977R MUT=I2500M MUT=V2006I MUT=T1977I MUT=L1433S MUT=C1483F MUT=A1459P MUT=V2006L MUT=A1519T MUT=F1888L MUT=K1452N MUT=S2215F MUT=E2419K MUT=L2427R MUT=L2230V	MTOR:  MUT=S2215 MUT=T1977 MUT=I2500 MUT=F1888 MUT=L2427 MUT=E1799 MUT=C1483 MUT=V2006 MUT=M2327 MUT=A1971 MUT=L1460 MUT=A1459 MUT=V1461 MUT=Y1463 MUT=K1465 MUT=M1467 MUT=R1480 MUT=I1973 MUT=Y1974 MUT=M1998 MUT=L2427Q MUT=C1483R MUT=E1799K MUT=A1971T MUT=M2327I MUT=S2215Y MUT=I2500N MUT=Q2223K MUT=I2500F MUT=T1977K MUT=C1483Y MUT=Y1463S MUT=L1460P MUT=T1977R MUT=I2500M MUT=V2006I MUT=T1977I MUT=L1433S MUT=C1483F MUT=A1459P MUT=V2006L MUT=A1519T MUT=F1888L MUT=K1452N MUT=S2215F MUT=E2419K MUT=L2427R MUT=L2230V
NPRL2		TSG	0	;	KIRC;							MUT=TRUNC	NPRL2:  MUT=TRUNC
NPRL3		TSG	0	;	ESCA;LIHC;LUAD;UCS;							MUT=TRUNC	NPRL3:  MUT=TRUNC
PDK1		OG	0	;	;								
PIK3CA		OG	1	BRCA;KIRC;	;	E545, H1047, E542, N345, Q546, R88, M1043, C420, G118, E726, K111, E453, V344, R93, R108, G106, G1049, Y1021, R38, N1044, E81, C901, G1007, T1025, C378, D350, P104, M1, E365, R115, N107, M1004, E39, C604, P471, D939, T1052, H1065, G364, C90, P539, E970, R357	R38, E39, R88, C90, R93, E545, Q546, E547	AMP	p.E542K, p.N345K, p.E545K, p.L10_M16del, p.M1043V, p.R38H, p.E453_G460delinsDDF, p.E542V, p.E39K, p.E81K, p.R88Q, p.L455_G463del, p.R108H, p.E545A, p.G118D, p.C420R, p.E726K, p.V344M, p.K111R, p.H1047R, p.E545G, p.C90Y, p.R93W, p.Q546K, p.E1012Q, p.P539R, p.R93Q, p.P539S, p.R38L, p.E545Q, p.G106V, p.M1004I, p.C90G, p.D350N, p.M1043I, p.H1047L, p.K111N, p.D350G, p.R38C, p.D1045V, p.R108L, p.E453K, p.M1004V, p.E453Q, p.P104L, p.N107S, p.H1047Y, p.G1049R, p.H1065L, p.Q546R, p.R38S, p.Q546P, p.C378Y, p.W11_P18del, p.C604R, p.E453_L455del, p.T1025A, p.E365K, p.N345T, p.H450_P458del, p.P447_L455del, p.V344G, p.G106R, p.G364R, p.R357Q, p.E970K, p.V344A, p.Y1021C, p.T1052K, p.L989V, p.C378F, p.E542G, p.P471L, p.D1029H, p.D1045A, p.K111_L113del, p.K111E, p.N345I, p.P449S, p.R108C, p.L997I, p.T1025S, p.A1020T, p.N1044K, p.E545D, p.H1048R, p.P449L, p.C378R, p.G1007R, p.H1047Q, p.Y1021H, p.E109_I112delinsD, p.E39G, p.L113del, p.E542A, p.Q546E, p.G463_N465delinsD, p.G106_N107del, p.K111del, p.E726G, p.G106_R108del, p.E1037K, p.L452_G460del, p.E365V, p.E542Q, p.F1016C, p.R1023*, p.D939G, p.E103_G106delinsD, p.M1040V, p.S1015Y, p.M1040I, p.I102del, p.C901F, p.V105del, p.G451_D454del, p.V105_R108del, p.R992*, p.G106D, p.P104T, p.R93P, p.A1035T, p.E453del, p.N1044Y, p.R992P, p.E103_P104del, p.L1006R, p.Q546H, p.M1004R, p.N1044I, p.F1002L, p.N1068Kfs*5, p.P471A, p.M1005V, p.L1026I, p.N345H, p.M1043T, p.D1017N, p.R979G, p.C90R, p.R992L, p.I1058M, p.P104R, p.G914R, p.M1055I, p.M1043L, p.N345Y, p.G106S, p.N1068Y, p.Y985*		AMP	MUT=R38 MUT=E39 MUT=R88 MUT=C90 MUT=R93 MUT=E545 MUT=Q546 MUT=E547 MUT=H1047 MUT=E542 MUT=N345 MUT=M1043 MUT=C420 MUT=G118 MUT=E726 MUT=K111 MUT=E453 MUT=V344 MUT=R108 MUT=G106 MUT=G1049 MUT=Y1021 MUT=N1044 MUT=E81 MUT=C901 MUT=G1007 MUT=T1025 MUT=C378 MUT=D350 MUT=P104 MUT=M1 MUT=E365 MUT=R115 MUT=N107 MUT=M1004 MUT=C604 MUT=P471 MUT=D939 MUT=T1052 MUT=H1065 MUT=G364 MUT=P539 MUT=E970 MUT=R357 MUT=E542K MUT=N345K MUT=E545K MUT=L10_M16del MUT=M1043V MUT=R38H MUT=E453_G460delinsDDF MUT=E542V MUT=E39K MUT=E81K MUT=R88Q MUT=L455_G463del MUT=R108H MUT=E545A MUT=G118D MUT=C420R MUT=E726K MUT=V344M MUT=K111R MUT=H1047R MUT=E545G MUT=C90Y MUT=R93W MUT=Q546K MUT=E1012Q MUT=P539R MUT=R93Q MUT=P539S MUT=R38L MUT=E545Q MUT=G106V MUT=M1004I MUT=C90G MUT=D350N MUT=M1043I MUT=H1047L MUT=K111N MUT=D350G MUT=R38C MUT=D1045V MUT=R108L MUT=E453K MUT=M1004V MUT=E453Q MUT=P104L MUT=N107S MUT=H1047Y MUT=G1049R MUT=H1065L MUT=Q546R MUT=R38S MUT=Q546P MUT=C378Y MUT=W11_P18del MUT=C604R MUT=E453_L455del MUT=T1025A MUT=E365K MUT=N345T MUT=H450_P458del MUT=P447_L455del MUT=V344G MUT=G106R MUT=G364R MUT=R357Q MUT=E970K MUT=V344A MUT=Y1021C MUT=T1052K MUT=L989V MUT=C378F MUT=E542G MUT=P471L MUT=D1029H MUT=D1045A MUT=K111_L113del MUT=K111E MUT=N345I MUT=P449S MUT=R108C MUT=L997I MUT=T1025S MUT=A1020T MUT=N1044K MUT=E545D MUT=H1048R MUT=P449L MUT=C378R MUT=G1007R MUT=H1047Q MUT=Y1021H MUT=E109_I112delinsD MUT=E39G MUT=L113del MUT=E542A MUT=Q546E MUT=G463_N465delinsD MUT=G106_N107del MUT=K111del MUT=E726G MUT=G106_R108del MUT=E1037K MUT=L452_G460del MUT=E365V MUT=E542Q MUT=F1016C  MUT=D939G MUT=E103_G106delinsD MUT=M1040V MUT=S1015Y MUT=M1040I MUT=I102del MUT=C901F MUT=V105del MUT=G451_D454del MUT=V105_R108del MUT=G106D MUT=P104T MUT=R93P MUT=A1035T MUT=E453del MUT=N1044Y MUT=R992P MUT=E103_P104del MUT=L1006R MUT=Q546H MUT=M1004R MUT=N1044I MUT=F1002L MUT=P471A MUT=M1005V MUT=L1026I MUT=N345H MUT=M1043T MUT=D1017N MUT=R979G MUT=C90R MUT=R992L MUT=I1058M MUT=P104R MUT=G914R MUT=M1055I MUT=M1043L MUT=N345Y MUT=G106S MUT=N1068Y	PIK3CA: AMP MUT=R38 MUT=E39 MUT=R88 MUT=C90 MUT=R93 MUT=E545 MUT=Q546 MUT=E547 MUT=H1047 MUT=E542 MUT=N345 MUT=M1043 MUT=C420 MUT=G118 MUT=E726 MUT=K111 MUT=E453 MUT=V344 MUT=R108 MUT=G106 MUT=G1049 MUT=Y1021 MUT=N1044 MUT=E81 MUT=C901 MUT=G1007 MUT=T1025 MUT=C378 MUT=D350 MUT=P104 MUT=M1 MUT=E365 MUT=R115 MUT=N107 MUT=M1004 MUT=C604 MUT=P471 MUT=D939 MUT=T1052 MUT=H1065 MUT=G364 MUT=P539 MUT=E970 MUT=R357 MUT=E542K MUT=N345K MUT=E545K MUT=L10_M16del MUT=M1043V MUT=R38H MUT=E453_G460delinsDDF MUT=E542V MUT=E39K MUT=E81K MUT=R88Q MUT=L455_G463del MUT=R108H MUT=E545A MUT=G118D MUT=C420R MUT=E726K MUT=V344M MUT=K111R MUT=H1047R MUT=E545G MUT=C90Y MUT=R93W MUT=Q546K MUT=E1012Q MUT=P539R MUT=R93Q MUT=P539S MUT=R38L MUT=E545Q MUT=G106V MUT=M1004I MUT=C90G MUT=D350N MUT=M1043I MUT=H1047L MUT=K111N MUT=D350G MUT=R38C MUT=D1045V MUT=R108L MUT=E453K MUT=M1004V MUT=E453Q MUT=P104L MUT=N107S MUT=H1047Y MUT=G1049R MUT=H1065L MUT=Q546R MUT=R38S MUT=Q546P MUT=C378Y MUT=W11_P18del MUT=C604R MUT=E453_L455del MUT=T1025A MUT=E365K MUT=N345T MUT=H450_P458del MUT=P447_L455del MUT=V344G MUT=G106R MUT=G364R MUT=R357Q MUT=E970K MUT=V344A MUT=Y1021C MUT=T1052K MUT=L989V MUT=C378F MUT=E542G MUT=P471L MUT=D1029H MUT=D1045A MUT=K111_L113del MUT=K111E MUT=N345I MUT=P449S MUT=R108C MUT=L997I MUT=T1025S MUT=A1020T MUT=N1044K MUT=E545D MUT=H1048R MUT=P449L MUT=C378R MUT=G1007R MUT=H1047Q MUT=Y1021H MUT=E109_I112delinsD MUT=E39G MUT=L113del MUT=E542A MUT=Q546E MUT=G463_N465delinsD MUT=G106_N107del MUT=K111del MUT=E726G MUT=G106_R108del MUT=E1037K MUT=L452_G460del MUT=E365V MUT=E542Q MUT=F1016C  MUT=D939G MUT=E103_G106delinsD MUT=M1040V MUT=S1015Y MUT=M1040I MUT=I102del MUT=C901F MUT=V105del MUT=G451_D454del MUT=V105_R108del MUT=G106D MUT=P104T MUT=R93P MUT=A1035T MUT=E453del MUT=N1044Y MUT=R992P MUT=E103_P104del MUT=L1006R MUT=Q546H MUT=M1004R MUT=N1044I MUT=F1002L MUT=P471A MUT=M1005V MUT=L1026I MUT=N345H MUT=M1043T MUT=D1017N MUT=R979G MUT=C90R MUT=R992L MUT=I1058M MUT=P104R MUT=G914R MUT=M1055I MUT=M1043L MUT=N345Y MUT=G106S MUT=N1068Y
PIK3CB		OG	0		;	D1067, E1051, R321		AMP	p.D1067V, p.E1051K, p.D1067A, p.R321Q, p.R48W, p.D1067Y, p.E552K, p.R48L, p.N553S	AMP	AMP	MUT=D1067 MUT=E1051 MUT=R321 MUT=D1067V MUT=E1051K MUT=D1067A MUT=R321Q MUT=R48W MUT=D1067Y MUT=E552K MUT=R48L MUT=N553S	PIK3CB: AMP MUT=D1067 MUT=E1051 MUT=R321 MUT=D1067V MUT=E1051K MUT=D1067A MUT=R321Q MUT=R48W MUT=D1067Y MUT=E552K MUT=R48L MUT=N553S
PIK3R1		TSG	1	;	THCA;	N564, G376, K567, X582_splice, R348, K379, D560, Y452, X475_splice, X434_splice	I559, D560, N564, S565, K567, P568, D569, Y452, K459, L570, Q572, L573, R574, T576, R577, Y580	HOMDEL	truncating mutations, p.G376R, p.L380del, p.D560G, p.K379N, p.I405del, p.K379E, p.R461_E462delinsQ, p.T397_V401del, p.D560H, p.M563_N564delinsI, p.E439del, p.K567E, p.Q455_F456insL, p.E468_Y470dup, p.Y452dup, p.K575_T576dup, p.E468_E469insGLYE, p.L449_K459del, p.E451_Y452del, p.M563_L570delinsI, p.Y452N, p.E462dup, p.R503Q, p.H450del, p.V401_N406del, p.D464_Y467dup, p.K459_S460dup, p.S460_R465dup, p.I571_Q572insHKPDLI, p.E462_R465dup, p.N564D, p.R557_D560dup, p.D560del, p.T576del, p.G391_V402del, p.K575_R577del, p.L570_I571dup, p.K567_L570del, p.D578_M582delinsE, p.L449_Q455del, p.Q457_E462del, p.I442_E443delinsK, p.R574del, p.Q455_F456delinsH, p.Q455_K459del, p.L570_D578del, p.Q572delinsRR, p.I571_L573del, p.D464_Y467del, p.L449_Q457delinsFLET, p.Q457_S460del, p.S460_D464del, p.R465_Y467del, p.K575_T576del, p.R577_D578del, p.Q579_Y580delinsH, p.N564_L573del, p.D569dup, p.L573_R574del, p.K448_R461delinsNYMNITLSFKKKV, p.L466_Y470delinsF, p.H450_T454del, p.N564K, p.R577_L581del, p.I442_Y452del, p.L466del, p.E451_Y452delinsH, p.G446_E451del, p.H450_E451dup, p.K459del, p.E558_K561del, p.E458del, p.Q457_E458del, p.D560Y, p.K575_L581del, p.S399_L404del, p.L573del, p.Y452C, p.K567del, p.F456_E458del, p.Q579_Y580del, p.R577_D578dup, p.H450_R461delinsQ, p.K447_L449delinsI, p.D434N, p.G446_S460del, p.D560dup, p.N453_E458del, p.E458dup, p.E403_L404del, p.K379del, p.R577del, p.Y580_L581insF, p.N453_Y463del, p.H450_E451insD, p.K448_N453del, p.L466_E469del, p.D578_L581delinsG		HOMDEL	MUT=TRUNC MUT=N564 MUT=G376 MUT=K567 MUT=X582_splice MUT=R348 MUT=K379 MUT=D560 MUT=Y452 MUT=X475_splice MUT=X434_splice MUT=I559 MUT=S565 MUT=P568 MUT=D569 MUT=K459 MUT=L570 MUT=Q572 MUT=L573 MUT=R574 MUT=T576 MUT=R577 MUT=Y580 MUT=G376R MUT=L380del MUT=D560G MUT=K379N MUT=I405del MUT=K379E MUT=R461_E462delinsQ MUT=T397_V401del MUT=D560H MUT=M563_N564delinsI MUT=E439del MUT=K567E MUT=Q455_F456insL MUT=E468_Y470dup MUT=Y452dup MUT=K575_T576dup MUT=E468_E469insGLYE MUT=L449_K459del MUT=E451_Y452del MUT=M563_L570delinsI MUT=Y452N MUT=E462dup MUT=R503Q MUT=H450del MUT=V401_N406del MUT=D464_Y467dup MUT=K459_S460dup MUT=S460_R465dup MUT=I571_Q572insHKPDLI MUT=E462_R465dup MUT=N564D MUT=R557_D560dup MUT=D560del MUT=T576del MUT=G391_V402del MUT=K575_R577del MUT=L570_I571dup MUT=K567_L570del MUT=D578_M582delinsE MUT=L449_Q455del MUT=Q457_E462del MUT=I442_E443delinsK MUT=R574del MUT=Q455_F456delinsH MUT=Q455_K459del MUT=L570_D578del MUT=Q572delinsRR MUT=I571_L573del MUT=D464_Y467del MUT=L449_Q457delinsFLET MUT=Q457_S460del MUT=S460_D464del MUT=R465_Y467del MUT=K575_T576del MUT=R577_D578del MUT=Q579_Y580delinsH MUT=N564_L573del MUT=D569dup MUT=L573_R574del MUT=K448_R461delinsNYMNITLSFKKKV MUT=L466_Y470delinsF MUT=H450_T454del MUT=N564K MUT=R577_L581del MUT=I442_Y452del MUT=L466del MUT=E451_Y452delinsH MUT=G446_E451del MUT=H450_E451dup MUT=K459del MUT=E558_K561del MUT=E458del MUT=Q457_E458del MUT=D560Y MUT=K575_L581del MUT=S399_L404del MUT=L573del MUT=Y452C MUT=K567del MUT=F456_E458del MUT=Q579_Y580del MUT=R577_D578dup MUT=H450_R461delinsQ MUT=K447_L449delinsI MUT=D434N MUT=G446_S460del MUT=D560dup MUT=N453_E458del MUT=E458dup MUT=E403_L404del MUT=K379del MUT=R577del MUT=Y580_L581insF MUT=N453_Y463del MUT=H450_E451insD MUT=K448_N453del MUT=L466_E469del MUT=D578_L581delinsG	PIK3R1: HOMDEL MUT=TRUNC MUT=N564 MUT=G376 MUT=K567 MUT=X582_splice MUT=R348 MUT=K379 MUT=D560 MUT=Y452 MUT=X475_splice MUT=X434_splice MUT=I559 MUT=S565 MUT=P568 MUT=D569 MUT=K459 MUT=L570 MUT=Q572 MUT=L573 MUT=R574 MUT=T576 MUT=R577 MUT=Y580 MUT=G376R MUT=L380del MUT=D560G MUT=K379N MUT=I405del MUT=K379E MUT=R461_E462delinsQ MUT=T397_V401del MUT=D560H MUT=M563_N564delinsI MUT=E439del MUT=K567E MUT=Q455_F456insL MUT=E468_Y470dup MUT=Y452dup MUT=K575_T576dup MUT=E468_E469insGLYE MUT=L449_K459del MUT=E451_Y452del MUT=M563_L570delinsI MUT=Y452N MUT=E462dup MUT=R503Q MUT=H450del MUT=V401_N406del MUT=D464_Y467dup MUT=K459_S460dup MUT=S460_R465dup MUT=I571_Q572insHKPDLI MUT=E462_R465dup MUT=N564D MUT=R557_D560dup MUT=D560del MUT=T576del MUT=G391_V402del MUT=K575_R577del MUT=L570_I571dup MUT=K567_L570del MUT=D578_M582delinsE MUT=L449_Q455del MUT=Q457_E462del MUT=I442_E443delinsK MUT=R574del MUT=Q455_F456delinsH MUT=Q455_K459del MUT=L570_D578del MUT=Q572delinsRR MUT=I571_L573del MUT=D464_Y467del MUT=L449_Q457delinsFLET MUT=Q457_S460del MUT=S460_D464del MUT=R465_Y467del MUT=K575_T576del MUT=R577_D578del MUT=Q579_Y580delinsH MUT=N564_L573del MUT=D569dup MUT=L573_R574del MUT=K448_R461delinsNYMNITLSFKKKV MUT=L466_Y470delinsF MUT=H450_T454del MUT=N564K MUT=R577_L581del MUT=I442_Y452del MUT=L466del MUT=E451_Y452delinsH MUT=G446_E451del MUT=H450_E451dup MUT=K459del MUT=E558_K561del MUT=E458del MUT=Q457_E458del MUT=D560Y MUT=K575_L581del MUT=S399_L404del MUT=L573del MUT=Y452C MUT=K567del MUT=F456_E458del MUT=Q579_Y580del MUT=R577_D578dup MUT=H450_R461delinsQ MUT=K447_L449delinsI MUT=D434N MUT=G446_S460del MUT=D560dup MUT=N453_E458del MUT=E458dup MUT=E403_L404del MUT=K379del MUT=R577del MUT=Y580_L581insF MUT=N453_Y463del MUT=H450_E451insD MUT=K448_N453del MUT=L466_E469del MUT=D578_L581delinsG
PIK3R2		OG	0		;	G373, D557		AMP	p.D557H, p.G373R, p.N561D, p.D557Y	AMP	AMP	MUT=G373 MUT=D557 MUT=D557H MUT=G373R MUT=N561D MUT=D557Y	PIK3R2: AMP MUT=G373 MUT=D557 MUT=D557H MUT=G373R MUT=N561D MUT=D557Y
PIK3R3		TSG	0	;	;				truncating mutations			MUT=TRUNC	PIK3R3:  MUT=TRUNC
PPP2R1A		TSG	1	;	;	P179, R183, S256, R182	P179, R182, R183, D215, Q217, S219, V220, R221, A185, T145, L173, S256, W257, R258, R260, E297, V298, A136, S143, R144, S146, C148, R105		p.W257C, p.P179R, p.R183W, p.S256F, p.W257L, p.P179T, p.S256Y, p.R183Q, p.R182W, p.W257S, p.P179L, p.R183G			MUT=TRUNC MUT=P179 MUT=R183 MUT=S256 MUT=R182 MUT=W257C MUT=P179R MUT=R183W MUT=S256F MUT=W257L MUT=P179T MUT=S256Y MUT=R183Q MUT=R182W MUT=W257S MUT=P179L MUT=R183G MUT=D215 MUT=Q217 MUT=S219 MUT=V220 MUT=R221 MUT=A185 MUT=T145 MUT=L173 MUT=W257 MUT=R258 MUT=R260 MUT=E297 MUT=V298 MUT=A136 MUT=S143 MUT=R144 MUT=S146 MUT=C148 MUT=R105	PPP2R1A:  MUT=TRUNC MUT=P179 MUT=R183 MUT=S256 MUT=R182 MUT=W257C MUT=P179R MUT=R183W MUT=S256F MUT=W257L MUT=P179T MUT=S256Y MUT=R183Q MUT=R182W MUT=W257S MUT=P179L MUT=R183G MUT=D215 MUT=Q217 MUT=S219 MUT=V220 MUT=R221 MUT=A185 MUT=T145 MUT=L173 MUT=W257 MUT=R258 MUT=R260 MUT=E297 MUT=V298 MUT=A136 MUT=S143 MUT=R144 MUT=S146 MUT=C148 MUT=R105
PTEN		TSG	1	;	BLCA;BRCA;ESCA;GBM;HNSC;KIRC;LIHC;LUSC;OV;PRAD;SARC;SKCM;UCEC;pancan;	R130, R233, R173, X70_splice, C136, G132, D92, X343_splice, Y68, X212_splice, H93, Y27, G127, X268_splice, G129, A126, C105, C124, R335, G165, X85_splice, Q171, Y155, X342_splice, M35, S170, Y178, D24, Y336, P38, Y16, Y346, Y177, W111, C71, L140, L146, H61, L247, G251, T277, L320, X267_splice, I67, I101, W274, Y65	A34, M35, L70, H123, C124, G127, K128, G129, R130, T131, G132, M134, I135, C136, Y155, D24, L25, I33, G36, P38, N48, A121, A126, R159, K125, C71, I28, L152, G165, V166, H93, P95, T167, S170, Q171, R173, V175, P96, I101, F104, C105, Y138, V45, I67, Y68, Y27	HOMDEL	truncating mutations, p.T131A, p.T277I, p.C136R, p.T167S, p.G36E, p.G132D, p.D92E, p.R159K, p.R130G, p.D107H, p.C105Y, p.R173H, p.R173C, p.G44D, p.R159S, p.I101T, p.Y177S, p.Y177C, p.S170N, p.H123Y, p.G36R, p.R15K, p.V85F, p.D92Y, p.K128Q, p.H93R, p.L70H, p.A126V, p.R130Q, p.G165E, p.T131N, p.Y178C, p.N276S, p.W274S, p.W274C, p.C136Y, p.C71Y, p.L42V, p.F341V, p.C105R, p.D107Y, p.G129E, p.D92V, p.C124S, p.P95L, p.Q171K, p.D107N, p.M35I, p.L247F, p.N48K, p.I67K, p.K128M, p.H61R, p.S170R, p.S170I, p.G129V, p.Y27C, p.D24G, p.D92H, p.D326H, p.P38R, p.P38T, p.C136F, p.V217A, p.R130L, p.R335G, p.D252Y, p.R161S, p.A34T, p.M1?, p.Y68N, p.G127V, p.F154L, p.G129R, p.M199del, p.K128N, p.I33del, p.R130P, p.T167N, p.A39P, p.S10R, p.H123D, p.D92G, p.I101N, p.A126S, p.R15I, p.Q171R, p.K125T, p.T167A, p.L325R, p.A39V, p.P96T, p.Y68C, p.F241S, p.G165R, p.H93L, p.L108F, p.F154C, p.K342N, p.H93D, p.N48I, p.G127R, p.S170G, p.N276K, p.D24E, p.P96A, p.A34V, p.D24V, p.D326G, p.G132V, p.R15T, p.I67T, p.L112V, p.Y155C, p.C124R, p.M35K, p.R173L, p.Y27D, p.M134I, p.L181P, p.P38S, p.A34S, p.W111R, p.C105G, p.A126D, p.C124G, p.F347L, p.Y177F, p.H61L, p.I122M, p.Y346H, p.R233Q, p.M35T, p.D92N, p.D162V, p.G251V, p.D252N, p.D252V, p.S10N, p.Q171E, p.F341C, p.L320S, p.Y177D, p.A126T, p.C124F, p.C124W, p.Y346D, p.Y65D, p.L108P, p.L325F, p.P38L, p.G251A, p.A121T, p.A126G, p.G132S, p.D24H, p.V217G, p.K62T, p.R15S, p.L112P, p.D162N, p.R335P, p.H93P	HOMDEL	HOMDEL	MUT=TRUNC MUT=A34 MUT=M35 MUT=L70 MUT=H123 MUT=C124 MUT=G127 MUT=K128 MUT=G129 MUT=R130 MUT=T131 MUT=G132 MUT=M134 MUT=I135 MUT=C136 MUT=Y155 MUT=D24 MUT=L25 MUT=I33 MUT=G36 MUT=P38 MUT=N48 MUT=A121 MUT=A126 MUT=R159 MUT=K125 MUT=C71 MUT=I28 MUT=L152 MUT=G165 MUT=V166 MUT=H93 MUT=P95 MUT=T167 MUT=S170 MUT=Q171 MUT=R173 MUT=V175 MUT=P96 MUT=I101 MUT=F104 MUT=C105 MUT=Y138 MUT=V45 MUT=I67 MUT=Y68 MUT=Y27 MUT=R233 MUT=X70_splice MUT=D92 MUT=X343_splice MUT=X212_splice MUT=X268_splice MUT=R335 MUT=X85_splice MUT=X342_splice MUT=Y178 MUT=Y336 MUT=Y16 MUT=Y346 MUT=Y177 MUT=W111 MUT=L140 MUT=L146 MUT=H61 MUT=L247 MUT=G251 MUT=T277 MUT=L320 MUT=X267_splice MUT=W274 MUT=Y65 MUT=T131A MUT=T277I MUT=C136R MUT=T167S MUT=G36E MUT=G132D MUT=D92E MUT=R159K MUT=R130G MUT=D107H MUT=C105Y MUT=R173H MUT=R173C MUT=G44D MUT=R159S MUT=I101T MUT=Y177S MUT=Y177C MUT=S170N MUT=H123Y MUT=G36R MUT=R15K MUT=V85F MUT=D92Y MUT=K128Q MUT=H93R MUT=L70H MUT=A126V MUT=R130Q MUT=G165E MUT=T131N MUT=Y178C MUT=N276S MUT=W274S MUT=W274C MUT=C136Y MUT=C71Y MUT=L42V MUT=F341V MUT=C105R MUT=D107Y MUT=G129E MUT=D92V MUT=C124S MUT=P95L MUT=Q171K MUT=D107N MUT=M35I MUT=L247F MUT=N48K MUT=I67K MUT=K128M MUT=H61R MUT=S170R MUT=S170I MUT=G129V MUT=Y27C MUT=D24G MUT=D92H MUT=D326H MUT=P38R MUT=P38T MUT=C136F MUT=V217A MUT=R130L MUT=R335G MUT=D252Y MUT=R161S MUT=A34T MUT=M1? MUT=Y68N MUT=G127V MUT=F154L MUT=G129R MUT=M199del MUT=K128N MUT=I33del MUT=R130P MUT=T167N MUT=A39P MUT=S10R MUT=H123D MUT=D92G MUT=I101N MUT=A126S MUT=R15I MUT=Q171R MUT=K125T MUT=T167A MUT=L325R MUT=A39V MUT=P96T MUT=Y68C MUT=F241S MUT=G165R MUT=H93L MUT=L108F MUT=F154C MUT=K342N MUT=H93D MUT=N48I MUT=G127R MUT=S170G MUT=N276K MUT=D24E MUT=P96A MUT=A34V MUT=D24V MUT=D326G MUT=G132V MUT=R15T MUT=I67T MUT=L112V MUT=Y155C MUT=C124R MUT=M35K MUT=R173L MUT=Y27D MUT=M134I MUT=L181P MUT=P38S MUT=A34S MUT=W111R MUT=C105G MUT=A126D MUT=C124G MUT=F347L MUT=Y177F MUT=H61L MUT=I122M MUT=Y346H MUT=R233Q MUT=M35T MUT=D92N MUT=D162V MUT=G251V MUT=D252N MUT=D252V MUT=S10N MUT=Q171E MUT=F341C MUT=L320S MUT=Y177D MUT=A126T MUT=C124F MUT=C124W MUT=Y346D MUT=Y65D MUT=L108P MUT=L325F MUT=P38L MUT=G251A MUT=A121T MUT=A126G MUT=G132S MUT=D24H MUT=V217G MUT=K62T MUT=R15S MUT=L112P MUT=D162N MUT=R335P MUT=H93P	PTEN: HOMDEL MUT=TRUNC MUT=A34 MUT=M35 MUT=L70 MUT=H123 MUT=C124 MUT=G127 MUT=K128 MUT=G129 MUT=R130 MUT=T131 MUT=G132 MUT=M134 MUT=I135 MUT=C136 MUT=Y155 MUT=D24 MUT=L25 MUT=I33 MUT=G36 MUT=P38 MUT=N48 MUT=A121 MUT=A126 MUT=R159 MUT=K125 MUT=C71 MUT=I28 MUT=L152 MUT=G165 MUT=V166 MUT=H93 MUT=P95 MUT=T167 MUT=S170 MUT=Q171 MUT=R173 MUT=V175 MUT=P96 MUT=I101 MUT=F104 MUT=C105 MUT=Y138 MUT=V45 MUT=I67 MUT=Y68 MUT=Y27 MUT=R233 MUT=X70_splice MUT=D92 MUT=X343_splice MUT=X212_splice MUT=X268_splice MUT=R335 MUT=X85_splice MUT=X342_splice MUT=Y178 MUT=Y336 MUT=Y16 MUT=Y346 MUT=Y177 MUT=W111 MUT=L140 MUT=L146 MUT=H61 MUT=L247 MUT=G251 MUT=T277 MUT=L320 MUT=X267_splice MUT=W274 MUT=Y65 MUT=T131A MUT=T277I MUT=C136R MUT=T167S MUT=G36E MUT=G132D MUT=D92E MUT=R159K MUT=R130G MUT=D107H MUT=C105Y MUT=R173H MUT=R173C MUT=G44D MUT=R159S MUT=I101T MUT=Y177S MUT=Y177C MUT=S170N MUT=H123Y MUT=G36R MUT=R15K MUT=V85F MUT=D92Y MUT=K128Q MUT=H93R MUT=L70H MUT=A126V MUT=R130Q MUT=G165E MUT=T131N MUT=Y178C MUT=N276S MUT=W274S MUT=W274C MUT=C136Y MUT=C71Y MUT=L42V MUT=F341V MUT=C105R MUT=D107Y MUT=G129E MUT=D92V MUT=C124S MUT=P95L MUT=Q171K MUT=D107N MUT=M35I MUT=L247F MUT=N48K MUT=I67K MUT=K128M MUT=H61R MUT=S170R MUT=S170I MUT=G129V MUT=Y27C MUT=D24G MUT=D92H MUT=D326H MUT=P38R MUT=P38T MUT=C136F MUT=V217A MUT=R130L MUT=R335G MUT=D252Y MUT=R161S MUT=A34T MUT=M1? MUT=Y68N MUT=G127V MUT=F154L MUT=G129R MUT=M199del MUT=K128N MUT=I33del MUT=R130P MUT=T167N MUT=A39P MUT=S10R MUT=H123D MUT=D92G MUT=I101N MUT=A126S MUT=R15I MUT=Q171R MUT=K125T MUT=T167A MUT=L325R MUT=A39V MUT=P96T MUT=Y68C MUT=F241S MUT=G165R MUT=H93L MUT=L108F MUT=F154C MUT=K342N MUT=H93D MUT=N48I MUT=G127R MUT=S170G MUT=N276K MUT=D24E MUT=P96A MUT=A34V MUT=D24V MUT=D326G MUT=G132V MUT=R15T MUT=I67T MUT=L112V MUT=Y155C MUT=C124R MUT=M35K MUT=R173L MUT=Y27D MUT=M134I MUT=L181P MUT=P38S MUT=A34S MUT=W111R MUT=C105G MUT=A126D MUT=C124G MUT=F347L MUT=Y177F MUT=H61L MUT=I122M MUT=Y346H MUT=R233Q MUT=M35T MUT=D92N MUT=D162V MUT=G251V MUT=D252N MUT=D252V MUT=S10N MUT=Q171E MUT=F341C MUT=L320S MUT=Y177D MUT=A126T MUT=C124F MUT=C124W MUT=Y346D MUT=Y65D MUT=L108P MUT=L325F MUT=P38L MUT=G251A MUT=A121T MUT=A126G MUT=G132S MUT=D24H MUT=V217G MUT=K62T MUT=R15S MUT=L112P MUT=D162N MUT=R335P MUT=H93P
RHEB		OG	1	;	;	Y35		AMP	p.Y35C, p.Y35N		AMP	MUT=Y35	RHEB: AMP MUT=Y35
RICTOR		OG	0		THCA;THCA;	S1101		AMP	p.S1101L	AMP	AMP	MUT=S1101	RICTOR: AMP MUT=S1101
RPTOR		OG	0	SKCM;	;	R139			p.R139H		AMP	MUT=R139	RPTOR: AMP MUT=R139
RPS6		OG	0	;	;								
RPS6KB1		OG	0	;	;		L94, R95, Q389					MUT=L94 MUT=R95 MUT=Q389	RPS6KB1:  MUT=L94 MUT=R95 MUT=Q389
STK11		TSG	1	;	HNSC;	E223, X155_splice, X245_splice, D194, S216, G242, Q220, X288_splice, X97_splice, H174, E165, P221, K84, P179, W239, G251, X125_splice, G196, X200_splice		HOMDEL	truncating mutations, p.G251V, p.D176A, p.D194Y, p.S216F, p.G242W, p.K78N, p.G251R, p.W239C, p.K78E, p.L245F, p.D194H, p.M136K, p.M136I, p.M1?, p.G155E, p.D194N, p.G251C, p.P179Q, p.G163S, p.G196V, p.P221L, p.G242V, p.P179R, p.R304W		HOMDEL	MUT=TRUNC MUT=E223 MUT=X155_splice MUT=X245_splice MUT=D194 MUT=S216 MUT=G242 MUT=Q220 MUT=X288_splice MUT=X97_splice MUT=H174 MUT=E165 MUT=P221 MUT=K84 MUT=P179 MUT=W239 MUT=G251 MUT=X125_splice MUT=G196 MUT=X200_splice MUT=G251V MUT=D176A MUT=D194Y MUT=S216F MUT=G242W MUT=K78N MUT=G251R MUT=W239C MUT=K78E MUT=L245F MUT=D194H MUT=M136K MUT=M136I MUT=M1? MUT=G155E MUT=D194N MUT=G251C MUT=P179Q MUT=G163S MUT=G196V MUT=P221L MUT=G242V MUT=P179R MUT=R304W	STK11: HOMDEL MUT=TRUNC MUT=E223 MUT=X155_splice MUT=X245_splice MUT=D194 MUT=S216 MUT=G242 MUT=Q220 MUT=X288_splice MUT=X97_splice MUT=H174 MUT=E165 MUT=P221 MUT=K84 MUT=P179 MUT=W239 MUT=G251 MUT=X125_splice MUT=G196 MUT=X200_splice MUT=G251V MUT=D176A MUT=D194Y MUT=S216F MUT=G242W MUT=K78N MUT=G251R MUT=W239C MUT=K78E MUT=L245F MUT=D194H MUT=M136K MUT=M136I MUT=M1? MUT=G155E MUT=D194N MUT=G251C MUT=P179Q MUT=G163S MUT=G196V MUT=P221L MUT=G242V MUT=P179R MUT=R304W
TSC1		TSG	1	;	LIHC;OV;	X797_splice		HOMDEL	truncating mutations, p.H68R		HOMDEL	MUT=TRUNC MUT=H68R MUT=X797_splice	TSC1: HOMDEL MUT=TRUNC MUT=H68R MUT=X797_splice
TSC2		TSG	0	;	;			HOMDEL	truncating mutations, p.S1498N, p.L830V, p.P1675L, p.P1675Q, p.S1653F, p.R505Q, p.G1567R		HOMDEL	MUT=TRUNC MUT=S1498N MUT=L830V MUT=P1675L MUT=P1675Q MUT=S1653F MUT=R505Q MUT=G1567R	TSC2: HOMDEL MUT=TRUNC MUT=S1498N MUT=L830V MUT=P1675L MUT=P1675Q MUT=S1653F MUT=R505Q MUT=G1567R
