Gene	Aliases	OG/TSG	MutSig	GISTIC amp	GISTIC del	Hotspots (AA #)	3D Hotspots (AA #)	OncoKB copy-number	OncoKB mutations	OQL all copy	OQL filtered copy	OQL filtered mut	OQL for GAM
CHD8		NA	1	;	KIRP;								
LEF1		OG	0	;	;								
LGR4		OG	0	;	;								
LGR5		OG	0	;	;								
LRP5		OG	0	;	;								
LRP6		OG	0	;	LAML;								
LZTR1		NA	0	HNSC;TGCT;pancan;	;								
NDP		NA	0	;	;								
PORCN		OG	0	;	;								
RSPO1		OG	0	;	;								
SFRP1		TSG	0	;	THCA;						HOMDEL	MUT=TRUNC	SFRP1: HOMDEL MUT=TRUNC
SFRP2		TSG	0	;	;							MUT=TRUNC	SFRP2:  MUT=TRUNC
SFRP4		TSG	0	;	;							MUT=TRUNC	SFRP4:  MUT=TRUNC
SFRP5		TSG	0	;	;							MUT=TRUNC	SFRP5:  MUT=TRUNC
SOST		TSG	0	;	;							MUT=TRUNC	SOST:  MUT=TRUNC
TCF7L1		TSG	0	SARC;	;							MUT=TRUNC	TCF7L1:  MUT=TRUNC
TLE1		TSG	0	;	;							MUT=TRUNC	TLE1:  MUT=TRUNC
TLE2		TSG	0	;	;							MUT=TRUNC	TLE2:  MUT=TRUNC
TLE3		TSG	0	;	;							MUT=TRUNC	TLE3:  MUT=TRUNC
TLE4		TSG	0	;	;							MUT=TRUNC	TLE4:  MUT=TRUNC
WIF1		TSG	0	;	;							MUT=TRUNC	WIF1:  MUT=TRUNC
ZNRF3		TSG	0	;	ACC;THYM;UCEC;						HOMDEL	MUT=TRUNC	ZNRF3: HOMDEL MUT=TRUNC
CTNNB1		OG	1	;	KIRC;	S37, D32, S33, T41, S45, G34, K335, N387, H36, I35, W383, K292, R535			p.T41A, p.S37F, p.S45F, p.S45P, p.T41I, p.S33F, p.S45Y, p.D32Y, p.G34V, p.S37C, p.S33T, p.S33Y, p.S33P, p.G34R, p.D32N, p.S33C, p.G34E, p.W383R, p.K292T, p.S45del, p.W383G, p.S37P, p.S37A, p.R535Q, p.D32G, p.W383C, p.D32A, p.D32V, p.S45C, p.N387Y, p.D32H, p.T42_K49del, p.I35S, p.Y30_S33del, p.T41_S47del, p.H36P, p.K335I, p.N387I, p.S37Y, p.N387K, p.T41N, p.K292E, p.S33A, p.K335T, p.S45_P52del			MUT=S37 MUT=D32 MUT=S33 MUT=T41 MUT=S45 MUT=G34 MUT=K335 MUT=N387 MUT=H36 MUT=I35 MUT=W383 MUT=K292 MUT=R535 MUT=T41A MUT=S37F MUT=S45F MUT=S45P MUT=T41I MUT=S33F MUT=S45Y MUT=D32Y MUT=G34V MUT=S37C MUT=S33T MUT=S33Y MUT=S33P MUT=G34R MUT=D32N MUT=S33C MUT=G34E MUT=W383R MUT=K292T MUT=S45del MUT=W383G MUT=S37P MUT=S37A MUT=R535Q MUT=D32G MUT=W383C MUT=D32A MUT=D32V MUT=S45C MUT=N387Y MUT=D32H MUT=T42_K49del MUT=I35S MUT=Y30_S33del MUT=T41_S47del MUT=H36P MUT=K335I MUT=N387I MUT=S37Y MUT=N387K MUT=T41N MUT=K292E MUT=S33A MUT=K335T MUT=S45_P52del	CTNNB1:  MUT=S37 MUT=D32 MUT=S33 MUT=T41 MUT=S45 MUT=G34 MUT=K335 MUT=N387 MUT=H36 MUT=I35 MUT=W383 MUT=K292 MUT=R535 MUT=T41A MUT=S37F MUT=S45F MUT=S45P MUT=T41I MUT=S33F MUT=S45Y MUT=D32Y MUT=G34V MUT=S37C MUT=S33T MUT=S33Y MUT=S33P MUT=G34R MUT=D32N MUT=S33C MUT=G34E MUT=W383R MUT=K292T MUT=S45del MUT=W383G MUT=S37P MUT=S37A MUT=R535Q MUT=D32G MUT=W383C MUT=D32A MUT=D32V MUT=S45C MUT=N387Y MUT=D32H MUT=T42_K49del MUT=I35S MUT=Y30_S33del MUT=T41_S47del MUT=H36P MUT=K335I MUT=N387I MUT=S37Y MUT=N387K MUT=T41N MUT=K292E MUT=S33A MUT=K335T MUT=S45_P52del
DVL1		OG	0	TGCT;	LIHC;OV;TGCT;UVM;								
DVL2		OG	0	;	;								
DVL3		OG	0	;	;								
FRAT1		OG	0	;	;								
FRAT2		OG	0	;	;								
FZD1		OG	0	;	;								
FZD10		OG	0	;	;								
FZD2		OG	0	;	;								
FZD3		OG	0	;	THCA;								
FZD4		OG	0	;	;								
FZD5		OG	0	;	;								
FZD6		OG	0	;	THCA;								
FZD7		OG	0	;	;								
FZD8		OG	0	;	;								
FZD9		OG	0	;	;								
WNT1		OG	0	;	HNSC;								
WNT10A		OG	0	;	;								
WNT10B		OG	0	;	;								
WNT11		OG	0	;	;								
WNT16		OG	0	;	;								
WNT2		OG	0	;	;								
WNT3A		OG	0	;	PCPG;								
WNT4		OG	0	;	;								
WNT5A		OG	0	;	;								
WNT5B		OG	0	;	;								
WNT6		OG	0	;	;								
WNT7A		OG	0	;	KIRC;								
WNT7B		OG	0	;	;								
WNT8A		OG	0	;	;								
WNT8B		OG	0	;	;								
WNT9A		OG	0	;	PCPG;								
WNT9B		OG	0	;	;								
AMER1		TSG	0	;	ESCA;PAAD;						HOMDEL	MUT=TRUNC	AMER1: HOMDEL MUT=TRUNC
APC		TSG	1	;	THCA;	Q1429, Q1367, Q1378, E1397, Y935, Q1406, Q1338, E1353, E1408, R213, Q1303, Q1294, Q1328, S1315		HOMDEL	truncating mutations, p.Q1429R, p.E1408V, p.Q1367E, p.R640L, p.R640W, p.Q1406H		HOMDEL	MUT=TRUNC MUT=Q1429R MUT=E1408V MUT=Q1367E MUT=R640L MUT=R640W MUT=Q1406H MUT=Q1429 MUT=Q1367 MUT=Q1378 MUT=E1397 MUT=Y935 MUT=Q1406 MUT=Q1338 MUT=E1353 MUT=E1408 MUT=R213 MUT=Q1303 MUT=Q1294 MUT=Q1328 MUT=S1315	APC: HOMDEL MUT=TRUNC MUT=Q1429R MUT=E1408V MUT=Q1367E MUT=R640L MUT=R640W MUT=Q1406H MUT=Q1429 MUT=Q1367 MUT=Q1378 MUT=E1397 MUT=Y935 MUT=Q1406 MUT=Q1338 MUT=E1353 MUT=E1408 MUT=R213 MUT=Q1303 MUT=Q1294 MUT=Q1328 MUT=S1315
AXIN1		TSG	0	;	ESCA;LIHC;LUAD;UCS;		A804, F810, D843, A845	HOMDEL	truncating mutations, p.G652A, p.G652R, 		HOMDEL	MUT=TRUNC MUT=G652A MUT=G652R MUT=A804 MUT=F810 MUT=D843 MUT=A845	AXIN1: HOMDEL MUT=TRUNC MUT=G652A MUT=G652R MUT=A804 MUT=F810 MUT=D843 MUT=A845
AXIN2		TSG	1	COADREAD;	;				truncating mutations			MUT=TRUNC	AXIN2:  MUT=TRUNC
DKK1		TSG	0	;	COAD;						HOMDEL	MUT=TRUNC	DKK1: HOMDEL MUT=TRUNC
DKK2		TSG	0	;	;							MUT=TRUNC	DKK2:  MUT=TRUNC
DKK3		TSG	0	;	;							MUT=TRUNC	DKK3:  MUT=TRUNC
DKK4		TSG	0	;	THCA;						HOMDEL	MUT=TRUNC	DKK4: HOMDEL MUT=TRUNC
GSK3B		TSG	0	;	;	X239_splice						MUT=TRUNC	GSK3B:  MUT=TRUNC
RNF43		TSG	0	;	PAAD;	H86, R371, R145, R132			truncating mutations, p.H86R, p.H86Y, p.Q781M		HOMDEL	MUT=TRUNC MUT=H86R MUT=H86Y MUT=Q781M MUT=H86 MUT=R371 MUT=R145 MUT=R132	RNF43: HOMDEL MUT=TRUNC MUT=H86R MUT=H86Y MUT=Q781M MUT=H86 MUT=R371 MUT=R145 MUT=R132
TCF7		TSG	0	;	;							MUT=TRUNC	TCF7:  MUT=TRUNC
TCF7L2		TSG	1	;	COADREAD;READ;	R471			truncating mutations, p.R471C, p.R471H, p.R471S		HOMDEL	MUT=TRUNC MUT=R471 MUT=R471C MUT=R471H MUT=R471S	TCF7L2: HOMDEL MUT=TRUNC MUT=R471 MUT=R471C MUT=R471H MUT=R471S
CHD4			1	;	;								
