Gene	Aliases	OG/TSG	MutSig	GISTIC amp	GISTIC del	Hotspots (AA #)	3D Hotspots (AA #)	OncoKB copy-number	OncoKB mutations	McCormick	OQL all copy	OQL filtered copy	OQL filtered mut	OQL for GAM
ABL1		OG	0						p.Y459H, p.A384V, p.I379V, p.V396M, p.D252N				MUT=Y459H MUT=A384V MUT=I379V MUT=V396M MUT=D252N	ABL1:  MUT=Y459H MUT=A384V MUT=I379V MUT=V396M MUT=D252N
EGFR		OG	1	BLCA;BRCA;CESC;COAD;ESCA;HNSC;LUAD;LUSC;STAD;pancan		L858, T790, A289, G598, G719, L861, R108, S768, R222, R252, L747, E709, L62, H304, T363, P596, T263, K754, L833	R252, F254, D256, K261, T263, A289, V769, R831, R832, L833, L858, L861, H893, P753, K754, E84, V85, R108, R836	AMP	p.C620Y, p.A289V, p.R222L, p.T751_I759delinsN, p.L833F, p.L861Q, p.G598V, p.R222C, p.H304Y, p.R108K, p.G598A, p.T263P, p.L62R, p.E709K, p.A289T, p.P596R, p.R252C, p.S645C, p.P596S, p.H773_V774dup, p.R252P, p.T363I, p.E746_A750del, p.L858R, p.D770_N771insGL, p.R108G, p.A767_V769dup, p.S768I, p.V769L, p.G719C, p.T790M, p.K754_I759del, p.L833V, p.G719A, p.H773dup, p.E709_T710delinsD, p.L747_T751del, p.L747_E749del, p.K754E, p.V843L, p.L747_A750delinsP, p.C620W, p.K754I, p.P596L, p.R252H, p.A864V, p.V742I, p.R324L, p.T263I, p.R324H, p.G724S, p.G719D, p.G598E, p.V774M	yes	AMP	AMP	MUT=R252 MUT=F254 MUT=D256 MUT=K261 MUT=T263 MUT=A289 MUT=V769 MUT=R831 MUT=R832 MUT=L833 MUT=L858 MUT=L861 MUT=H893 MUT=P753 MUT=K754 MUT=E84 MUT=V85 MUT=R108 MUT=R836 MUT=T790 MUT=G598 MUT=G719 MUT=S768 MUT=R222 MUT=L747 MUT=E709 MUT=L62 MUT=H304 MUT=T363 MUT=P596 MUT=C620Y MUT=A289V MUT=R222L MUT=T751_I759delinsN MUT=L833F MUT=L861Q MUT=G598V MUT=R222C MUT=H304Y MUT=R108K MUT=G598A MUT=T263P MUT=L62R MUT=E709K MUT=A289T MUT=P596R MUT=R252C MUT=S645C MUT=P596S MUT=H773_V774dup MUT=R252P MUT=T363I MUT=E746_A750del MUT=L858R MUT=D770_N771insGL MUT=R108G MUT=A767_V769dup MUT=S768I MUT=V769L MUT=G719C MUT=T790M MUT=K754_I759del MUT=L833V MUT=G719A MUT=H773dup MUT=E709_T710delinsD MUT=L747_T751del MUT=L747_E749del MUT=K754E MUT=V843L MUT=L747_A750delinsP MUT=C620W MUT=K754I MUT=P596L MUT=R252H MUT=A864V MUT=V742I MUT=R324L MUT=T263I MUT=R324H MUT=G724S MUT=G719D MUT=G598E MUT=V774M	EGFR: AMP MUT=R252 MUT=F254 MUT=D256 MUT=K261 MUT=T263 MUT=A289 MUT=V769 MUT=R831 MUT=R832 MUT=L833 MUT=L858 MUT=L861 MUT=H893 MUT=P753 MUT=K754 MUT=E84 MUT=V85 MUT=R108 MUT=R836 MUT=T790 MUT=G598 MUT=G719 MUT=S768 MUT=R222 MUT=L747 MUT=E709 MUT=L62 MUT=H304 MUT=T363 MUT=P596 MUT=C620Y MUT=A289V MUT=R222L MUT=T751_I759delinsN MUT=L833F MUT=L861Q MUT=G598V MUT=R222C MUT=H304Y MUT=R108K MUT=G598A MUT=T263P MUT=L62R MUT=E709K MUT=A289T MUT=P596R MUT=R252C MUT=S645C MUT=P596S MUT=H773_V774dup MUT=R252P MUT=T363I MUT=E746_A750del MUT=L858R MUT=D770_N771insGL MUT=R108G MUT=A767_V769dup MUT=S768I MUT=V769L MUT=G719C MUT=T790M MUT=K754_I759del MUT=L833V MUT=G719A MUT=H773dup MUT=E709_T710delinsD MUT=L747_T751del MUT=L747_E749del MUT=K754E MUT=V843L MUT=L747_A750delinsP MUT=C620W MUT=K754I MUT=P596L MUT=R252H MUT=A864V MUT=V742I MUT=R324L MUT=T263I MUT=R324H MUT=G724S MUT=G719D MUT=G598E MUT=V774M
ERBB2		OG	1	BLCA;BRCA;CESC;COADREAD;ESCA;HNSC;LUAD;LUSC;PAAD;READ;STAD;UCEC;UCS;pancan	;	S310, L755, R678, V777, V842, D769, G776, V659, G660, R103, D277, T862, R138, T733, V697, A293, I767	-	AMP	p.G776delinsVC, p.Y772_A775dup, p.S310F, p.G292C, p.S310A, p.R678Q, p.V777L, p.L755S, p.L755M, p.L755W, p.G309A, p.V842I, p.V697L, p.G776V, p.T733I, p.V777M, p.D769Y, p.D769H, p.I767M, p.D277G, p.R138W, p.V659D, p.T862A, p.D769N, p.R103Q, p.A293V, p.S653C, p.S310Y, p.G660R, p.G776S, p.D277Y, p.M774dup, p.S653F, p.I767F, p.D821H	yes	AMP	AMP	MUT=S310 MUT=L755 MUT=R678 MUT=V777 MUT=V842 MUT=D769 MUT=G776 MUT=V659 MUT=G660 MUT=R103 MUT=D277 MUT=T862 MUT=R138 MUT=T733 MUT=V697 MUT=A293 MUT=I767 MUT=G776delinsVC MUT=Y772_A775dup MUT=S310F MUT=G292C MUT=S310A MUT=R678Q MUT=V777L MUT=L755S MUT=L755M MUT=L755W MUT=G309A MUT=V842I MUT=V697L MUT=G776V MUT=T733I MUT=V777M MUT=D769Y MUT=D769H MUT=I767M MUT=D277G MUT=R138W MUT=V659D MUT=T862A MUT=D769N MUT=R103Q MUT=A293V MUT=S653C MUT=S310Y MUT=G660R MUT=G776S MUT=D277Y MUT=M774dup MUT=S653F MUT=I767F MUT=D821H	ERBB2: AMP MUT=S310 MUT=L755 MUT=R678 MUT=V777 MUT=V842 MUT=D769 MUT=G776 MUT=V659 MUT=G660 MUT=R103 MUT=D277 MUT=T862 MUT=R138 MUT=T733 MUT=V697 MUT=A293 MUT=I767 MUT=G776delinsVC MUT=Y772_A775dup MUT=S310F MUT=G292C MUT=S310A MUT=R678Q MUT=V777L MUT=L755S MUT=L755M MUT=L755W MUT=G309A MUT=V842I MUT=V697L MUT=G776V MUT=T733I MUT=V777M MUT=D769Y MUT=D769H MUT=I767M MUT=D277G MUT=R138W MUT=V659D MUT=T862A MUT=D769N MUT=R103Q MUT=A293V MUT=S653C MUT=S310Y MUT=G660R MUT=G776S MUT=D277Y MUT=M774dup MUT=S653F MUT=I767F MUT=D821H
ERBB3		OG	1		;	V104, E928, D297, K329, A232, G284, S846, H228, E332, M91, T355, F219, M60, R103, R475, N126	-	AMP	p.A232V, p.E332K, p.E928G, p.G284R, p.R475W, p.F219V, p.V104M, p.N126K, p.R103H, p.K329E, p.V104L, p.K329T, p.M60R, p.F219L, p.D297N, p.D297V, p.D297Y, p.T355I, p.A232T, p.M91I, p.H228R, p.H228Q, p.E928K, p.E332Q, p.S846I, p.E928Q, p.P262H, p.T355P	no	AMP	AMP	MUT=V104 MUT=E928 MUT=D297 MUT=K329 MUT=A232 MUT=G284 MUT=S846 MUT=H228 MUT=E332 MUT=M91 MUT=T355 MUT=F219 MUT=M60 MUT=R103 MUT=R475 MUT=N126 MUT=A232V MUT=E332K MUT=E928G MUT=G284R MUT=R475W MUT=F219V MUT=V104M MUT=N126K MUT=R103H MUT=K329E MUT=V104L MUT=K329T MUT=M60R MUT=F219L MUT=D297N MUT=D297V MUT=D297Y MUT=T355I MUT=A232T MUT=M91I MUT=H228R MUT=H228Q MUT=E928K MUT=E332Q MUT=S846I MUT=E928Q MUT=P262H MUT=T355P	ERBB3: AMP MUT=V104 MUT=E928 MUT=D297 MUT=K329 MUT=A232 MUT=G284 MUT=S846 MUT=H228 MUT=E332 MUT=M91 MUT=T355 MUT=F219 MUT=M60 MUT=R103 MUT=R475 MUT=N126 MUT=A232V MUT=E332K MUT=E928G MUT=G284R MUT=R475W MUT=F219V MUT=V104M MUT=N126K MUT=R103H MUT=K329E MUT=V104L MUT=K329T MUT=M60R MUT=F219L MUT=D297N MUT=D297V MUT=D297Y MUT=T355I MUT=A232T MUT=M91I MUT=H228R MUT=H228Q MUT=E928K MUT=E332Q MUT=S846I MUT=E928Q MUT=P262H MUT=T355P
ERBB4		OG	0	;	BLCA;PCPG;pancan;	S1289, L798, K1002, K1223, F1102, S774	-		p.D931E, p.R544Q, p.R544W, p.K1002R, p.K1223T, p.F1102C, p.S774N, p.L798P, p.E872K, p.E452K, p.K1223M, p.S774G, p.R306C, p.K1002T, p.F1102V, p.K935T, p.E542K, p.E836K, p.L798R, p.L798H	no	AMP		MUT=S1289 MUT=L798 MUT=K1002 MUT=K1223 MUT=F1102 MUT=S774 MUT=D931E MUT=R544Q MUT=R544W MUT=K1002R MUT=K1223T MUT=F1102C MUT=S774N MUT=L798P MUT=E872K MUT=E452K MUT=K1223M MUT=S774G MUT=R306C MUT=K1002T MUT=F1102V MUT=K935T MUT=E542K MUT=E836K MUT=L798R MUT=L798H	ERBB4:  MUT=S1289 MUT=L798 MUT=K1002 MUT=K1223 MUT=F1102 MUT=S774 MUT=D931E MUT=R544Q MUT=R544W MUT=K1002R MUT=K1223T MUT=F1102C MUT=S774N MUT=L798P MUT=E872K MUT=E452K MUT=K1223M MUT=S774G MUT=R306C MUT=K1002T MUT=F1102V MUT=K935T MUT=E542K MUT=E836K MUT=L798R MUT=L798H
PDGFRA		OG	0	GBM;KIRC;LGG;pancan	;	D842, E229, N659, C235	-	AMP	p.E229K, p.C235R, p.N659K, p.D842Y, p.V536M, p.R748K, p.C235S, p.P577L, p.C235Y, p.E229V	yes	AMP	AMP	MUT=D842 MUT=E229 MUT=N659 MUT=C235 MUT=E229K MUT=C235R MUT=N659K MUT=D842Y MUT=V536M MUT=R748K MUT=C235S MUT=P577L MUT=C235Y MUT=E229V	PDGFRA: AMP MUT=D842 MUT=E229 MUT=N659 MUT=C235 MUT=E229K MUT=C235R MUT=N659K MUT=D842Y MUT=V536M MUT=R748K MUT=C235S MUT=P577L MUT=C235Y MUT=E229V
PDGFRB		OG	0		;	-	-			yes	AMP			
MET		OG	1	GBM;KIRP;LGG;LIHC;LUAD;pancan	;	T222	-	AMP	p.X1028_splice, p.X1027_splice, p.T222K, p.R992T, p.F1218I, p.H1112Y, p.M1268T, p.V1088G, p.V1088E, p.V1088M, p.V1110I, p.Y1248H, p.Y1248C	yes	AMP	AMP	MUT=T222 MUT=X1028_splice MUT=X1027_splice MUT=T222K MUT=R992T MUT=F1218I MUT=H1112Y MUT=M1268T MUT=V1088G MUT=V1088E MUT=V1088M MUT=V1110I MUT=Y1248H MUT=Y1248C	MET: AMP MUT=T222 MUT=X1028_splice MUT=X1027_splice MUT=T222K MUT=R992T MUT=F1218I MUT=H1112Y MUT=M1268T MUT=V1088G MUT=V1088E MUT=V1088M MUT=V1110I MUT=Y1248H MUT=Y1248C
FGFR1		OG	0	READ	THCA;UCEC;	N577, K687	-	AMP	p.K687N, p.N577K	yes	AMP	AMP	MUT=N577 MUT=K687 MUT=K687N MUT=N577K	FGFR1: AMP MUT=N577 MUT=K687 MUT=K687N MUT=N577K
FGFR2		OG	1	STAD;TGCT;pancan	;	S252, R203, F276, P253	-	AMP	p.S252W, p.P253R, p.T268dup, p.P253L, p.W290C, p.R203H, p.E537K, p.D101Y, p.R251Q, p.S267_T268insIS, p.E219G, p.I564M, p.F276C	yes	AMP	AMP	MUT=S252 MUT=R203 MUT=F276 MUT=P253 MUT=S252W MUT=P253R MUT=T268dup MUT=P253L MUT=W290C MUT=R203H MUT=E537K MUT=D101Y MUT=R251Q MUT=S267_T268insIS MUT=E219G MUT=I564M MUT=F276C	FGFR2: AMP MUT=S252 MUT=R203 MUT=F276 MUT=P253 MUT=S252W MUT=P253R MUT=T268dup MUT=P253L MUT=W290C MUT=R203H MUT=E537K MUT=D101Y MUT=R251Q MUT=S267_T268insIS MUT=E219G MUT=I564M MUT=F276C
FGFR3		OG	1	BLCA;GBM;PAAD;UCS;pancan	;	S249, R248	R248, S249, P250, D280	AMP	p.R248C, p.Y375C, p.S249C, p.G382R, p.S373C, p.Y375H, p.M528T, p.G372C	yes	AMP	AMP	MUT=S249 MUT=R248 MUT=P250 MUT=D280 MUT=R248C MUT=Y375C MUT=S249C MUT=G382R MUT=S373C MUT=Y375H MUT=M528T MUT=G372C	FGFR3: AMP MUT=S249 MUT=R248 MUT=P250 MUT=D280 MUT=R248C MUT=Y375C MUT=S249C MUT=G382R MUT=S373C MUT=Y375H MUT=M528T MUT=G372C
FGFR4		OG	0	KIRC	;	V550	-	AMP	p.V550L	yes	AMP	AMP	MUT=V550L MUT=V550	FGFR4: AMP MUT=V550L MUT=V550
FLT3		OG	1	READ;	;	D835	-	AMP	p.D835Y, p.S584_D600dup, p.D835E, p.E604_F605insSPRGGNEYFYVDFREYEYDLKWE, p.D586_E596dup, p.Y597_K602dup, p.R595_E596insDYVDFR, p.F594_D600delinsSPPPH, p.M578_E598dup, p.E598_Y599insVAYVDFREYE, p.Y599_E604dup, p.L601_K602insNVDFREYEYDL, p.R595_L601dup, p.E598_F612dup, p.F594_D600dup, p.R595delinsSRI, p.D835H, p.S584_F605dup, p.E598_Y599insSGSSDNEYFYVDFREYE, p.D593_F594insSPEDNEYFYVD, p.N587_D600dup, p.D839G, p.F594_R595insGTGSSDNEYFYVDF, p.F612_G613insQGFYVDFREYEYDLKWEFPRENLEF, p.Y599_D600insPAPQIMSTSTLISENMNIA, p.Y599_D600insEYEYEYEY, p.T582delinsMAGSSDNEYFYVDFREYES, p.Y597_E598insAGSSDNEYFYVDFREY, p.S585_F594dup, p.Y597_E598insDEYFYVDFREY, p.D839H, p.M664I, p.N841K, p.D835N, p.V592I, p.A627T	yes	AMP		MUT=D835 MUT=D835Y MUT=S584_D600dup MUT=D835E MUT=E604_F605insSPRGGNEYFYVDFREYEYDLKWE MUT=D586_E596dup MUT=Y597_K602dup MUT=R595_E596insDYVDFR MUT=F594_D600delinsSPPPH MUT=M578_E598dup MUT=E598_Y599insVAYVDFREYE MUT=Y599_E604dup MUT=L601_K602insNVDFREYEYDL MUT=R595_L601dup MUT=E598_F612dup MUT=F594_D600dup MUT=R595delinsSRI MUT=D835H MUT=S584_F605dup MUT=E598_Y599insSGSSDNEYFYVDFREYE MUT=D593_F594insSPEDNEYFYVD MUT=N587_D600dup MUT=D839G MUT=F594_R595insGTGSSDNEYFYVDF MUT=F612_G613insQGFYVDFREYEYDLKWEFPRENLEF MUT=Y599_D600insPAPQIMSTSTLISENMNIA MUT=Y599_D600insEYEYEYEY MUT=T582delinsMAGSSDNEYFYVDFREYES MUT=Y597_E598insAGSSDNEYFYVDFREY MUT=S585_F594dup MUT=Y597_E598insDEYFYVDFREY MUT=D839H MUT=M664I MUT=N841K MUT=D835N MUT=V592I MUT=A627T	FLT3:  MUT=D835 MUT=D835Y MUT=S584_D600dup MUT=D835E MUT=E604_F605insSPRGGNEYFYVDFREYEYDLKWE MUT=D586_E596dup MUT=Y597_K602dup MUT=R595_E596insDYVDFR MUT=F594_D600delinsSPPPH MUT=M578_E598dup MUT=E598_Y599insVAYVDFREYE MUT=Y599_E604dup MUT=L601_K602insNVDFREYEYDL MUT=R595_L601dup MUT=E598_F612dup MUT=F594_D600dup MUT=R595delinsSRI MUT=D835H MUT=S584_F605dup MUT=E598_Y599insSGSSDNEYFYVDFREYE MUT=D593_F594insSPEDNEYFYVD MUT=N587_D600dup MUT=D839G MUT=F594_R595insGTGSSDNEYFYVDF MUT=F612_G613insQGFYVDFREYEYDLKWEFPRENLEF MUT=Y599_D600insPAPQIMSTSTLISENMNIA MUT=Y599_D600insEYEYEYEY MUT=T582delinsMAGSSDNEYFYVDFREYES MUT=Y597_E598insAGSSDNEYFYVDFREY MUT=S585_F594dup MUT=Y597_E598insDEYFYVDFREY MUT=D839H MUT=M664I MUT=N841K MUT=D835N MUT=V592I MUT=A627T
ALK		OG	1		;	R1275, R401, R395	-	AMP	fusion gene, p.D1203Y, p.M1328V, p.E1384K, p.R395H, p.G1269E, p.G1128V, p.R401Q, p.R401L	yes	AMP		MUT=R1275 MUT=R401 MUT=R395 MUT=D1203Y MUT=M1328V MUT=E1384K MUT=R395H MUT=G1269E MUT=G1128V MUT=R401Q MUT=R401L	ALK:  MUT=R1275 MUT=R401 MUT=R395 MUT=D1203Y MUT=M1328V MUT=E1384K MUT=R395H MUT=G1269E MUT=G1128V MUT=R401Q MUT=R401L
RET		OG	0	;	;	M918	-		fusion gene, p.E511K, p.E511D, p.S891L, p.R886Q, p.E768G, p.M848I, p.M918T, p.C634R, p.D631Y	no	AMP		MUT=M918 MUT=E511K MUT=E511D MUT=S891L MUT=R886Q MUT=E768G MUT=M848I MUT=M918T MUT=C634R MUT=D631Y	RET:  MUT=M918 MUT=E511K MUT=E511D MUT=S891L MUT=R886Q MUT=E768G MUT=M848I MUT=M918T MUT=C634R MUT=D631Y
ROS1		OG	0	;	;	-	-	AMP	fusion gene, p.C2060R, p.L1947V	yes	AMP		MUT=C2060R MUT=L1947V	ROS1:  MUT=C2060R MUT=L1947V
KIT		OG	1	LUAD;SKCM;TGCT;	;	N822, D816, K642, V559, L576, W557, V560, R888	W557, V559, V560, L576, P573	AMP	 p.D816V, p.D816Y, p.L637H, p.M638I, p.L793F, p.M552L, p.N822Y, p.A829P, p.D816H, p.N822K, p.W557C, p.W557G, p.H697D, p.T801A, p.E490D, p.K826N, p.V530I, p.P573L, p.K818R, p.A814S, p.R888Q, p.L706P, p.G498D, p.G487D, p.X788_splice, p.R686H, p.D52N, p.P627L, p.A659T, p.X627_splice, p.G664E, p.P551H, p.S821Y, p.N486I, p.L631F, p.G812V, p.L576P, p.S464L, p.K642N, p.L679F, p.K818N, p.P573Q, p.R804W, p.K642E, p.W582L, p.X514_splice, p.V559A, p.N680I, p.S590N, p.E562G, p.R804Q, p.K558E, p.F689C, p.P456Q, p.S451C, p.P467Q, p.W557R, p.N822I, p.L706F, p.S712F, p.G803C, p.D479H, p.K818T, p.T666I, p.Y503delinsFAH, p.V668A, p.S590R, p.R888L, p.A636V, p.D696Y, p.D458H, p.A482T, p.Y578C, p.V825D, p.V559G, p.G565_T574delinsA	no	AMP	AMP	MUT=W557 MUT=V559 MUT=V560 MUT=L576 MUT=P573 MUT=N822 MUT=D816 MUT=K642 MUT=R888 MUT=D816V MUT=D816Y MUT=L637H MUT=M638I MUT=L793F MUT=M552L MUT=N822Y MUT=A829P MUT=D816H MUT=N822K MUT=W557C MUT=W557G MUT=H697D MUT=T801A MUT=E490D MUT=K826N MUT=V530I MUT=P573L MUT=K818R MUT=A814S MUT=R888Q MUT=L706P MUT=G498D MUT=G487D MUT=X788_splice MUT=R686H MUT=D52N MUT=P627L MUT=A659T MUT=X627_splice MUT=G664E MUT=P551H MUT=S821Y MUT=N486I MUT=L631F MUT=G812V MUT=L576P MUT=S464L MUT=K642N MUT=L679F MUT=K818N MUT=P573Q MUT=R804W MUT=K642E MUT=W582L MUT=X514_splice MUT=V559A MUT=N680I MUT=S590N MUT=E562G MUT=R804Q MUT=K558E MUT=F689C MUT=P456Q MUT=S451C MUT=P467Q MUT=W557R MUT=N822I MUT=L706F MUT=S712F MUT=G803C MUT=D479H MUT=K818T MUT=T666I MUT=Y503delinsFAH MUT=V668A MUT=S590R MUT=R888L MUT=A636V MUT=D696Y MUT=D458H MUT=A482T MUT=Y578C MUT=V825D MUT=V559G MUT=G565_T574delinsA	KIT: AMP MUT=W557 MUT=V559 MUT=V560 MUT=L576 MUT=P573 MUT=N822 MUT=D816 MUT=K642 MUT=R888 MUT=D816V MUT=D816Y MUT=L637H MUT=M638I MUT=L793F MUT=M552L MUT=N822Y MUT=A829P MUT=D816H MUT=N822K MUT=W557C MUT=W557G MUT=H697D MUT=T801A MUT=E490D MUT=K826N MUT=V530I MUT=P573L MUT=K818R MUT=A814S MUT=R888Q MUT=L706P MUT=G498D MUT=G487D MUT=X788_splice MUT=R686H MUT=D52N MUT=P627L MUT=A659T MUT=X627_splice MUT=G664E MUT=P551H MUT=S821Y MUT=N486I MUT=L631F MUT=G812V MUT=L576P MUT=S464L MUT=K642N MUT=L679F MUT=K818N MUT=P573Q MUT=R804W MUT=K642E MUT=W582L MUT=X514_splice MUT=V559A MUT=N680I MUT=S590N MUT=E562G MUT=R804Q MUT=K558E MUT=F689C MUT=P456Q MUT=S451C MUT=P467Q MUT=W557R MUT=N822I MUT=L706F MUT=S712F MUT=G803C MUT=D479H MUT=K818T MUT=T666I MUT=Y503delinsFAH MUT=V668A MUT=S590R MUT=R888L MUT=A636V MUT=D696Y MUT=D458H MUT=A482T MUT=Y578C MUT=V825D MUT=V559G MUT=G565_T574delinsA
IGF1R		OG	0	BRCA;LGG;pancan;	;	-	-		-	no	AMP	AMP		IGF1R: AMP 
NTRK1		OG	0	;	;	-	-	AMP	fusion gene, p.R342Q, p.G595W, p.G595R, p.R342W	no	AMP		MUT=R342Q MUT=G595W MUT=G595R MUT=R342W	NTRK1:  MUT=R342Q MUT=G595W MUT=G595R MUT=R342W
NTRK2		OG	0	;	;	-	-		fusion gene	no	AMP			
NTRK3		OG	0	;	;	-	-		fusion gene	no	AMP		MUT = G623E	NTRK3:  MUT = G623E
SOS1		OG	1	;	;	N233, A90	D89, A90, S92, A93		p.R552K, p.M269V, p.N233Y, p.A90T, p.R552M, p.N233S, p.R552G, p.E846K, p.G434R, p.A90V, p.R552S, p.M269K, p.M269I	yes	AMP		MUT=N233 MUT=A90 MUT=D89 MUT=S92 MUT=A93 MUT=R552K MUT=M269V MUT=N233Y MUT=A90T MUT=R552M MUT=N233S MUT=R552G MUT=E846K MUT=G434R MUT=A90V MUT=R552S MUT=M269K MUT=M269I	SOS1:  MUT=N233 MUT=A90 MUT=D89 MUT=S92 MUT=A93 MUT=R552K MUT=M269V MUT=N233Y MUT=A90T MUT=R552M MUT=N233S MUT=R552G MUT=E846K MUT=G434R MUT=A90V MUT=R552S MUT=M269K MUT=M269I
GRB2		OG	0	;	;	-	F95, G116, K117, S127, E130		-	yes	AMP		MUT=F95 MUT=G116 MUT=K117 MUT=S127 MUT=E130	GRB2:  MUT=F95 MUT=G116 MUT=K117 MUT=S127 MUT=E130
PTPN11		OG	1	;	;	A72, E76, Q510, E69, G503, N308, F285, T468, T507, D61, A461	A72, E76, F285, N308, S502, M504, T507, Q510, F71, I282, T468, G60, D61, R512, E69, L262, P33, M82, I463, K55		p.D61N, p.P491L, p.Q510L, p.F71L, p.A72V, p.Q510H, p.S502P, p.I282M, p.S502L, p.T73A, p.N308S, p.T507K, p.G503V, p.V45I, p.F285S, p.E76K, p.E69K, p.M504I, p.E69D, p.T468M, p.A461G, p.A461T, p.A461S, p.A72D, p.N308D, p.E76A	yes	AMP	0	MUT=A72 MUT=E76 MUT=Q510 MUT=E69 MUT=G503 MUT=N308 MUT=F285 MUT=T468 MUT=T507 MUT=D61 MUT=A461 MUT=S502 MUT=M504 MUT=F71 MUT=I282 MUT=G60 MUT=R512 MUT=L262 MUT=P33 MUT=M82 MUT=I463 MUT=K55 MUT=D61N MUT=P491L MUT=Q510L MUT=F71L MUT=A72V MUT=Q510H MUT=S502P MUT=I282M MUT=S502L MUT=T73A MUT=N308S MUT=T507K MUT=G503V MUT=V45I MUT=F285S MUT=E76K MUT=E69K MUT=M504I MUT=E69D MUT=T468M MUT=A461G MUT=A461T MUT=A461S MUT=A72D MUT=N308D MUT=E76A	PTPN11: 0 MUT=A72 MUT=E76 MUT=Q510 MUT=E69 MUT=G503 MUT=N308 MUT=F285 MUT=T468 MUT=T507 MUT=D61 MUT=A461 MUT=S502 MUT=M504 MUT=F71 MUT=I282 MUT=G60 MUT=R512 MUT=L262 MUT=P33 MUT=M82 MUT=I463 MUT=K55 MUT=D61N MUT=P491L MUT=Q510L MUT=F71L MUT=A72V MUT=Q510H MUT=S502P MUT=I282M MUT=S502L MUT=T73A MUT=N308S MUT=T507K MUT=G503V MUT=V45I MUT=F285S MUT=E76K MUT=E69K MUT=M504I MUT=E69D MUT=T468M MUT=A461G MUT=A461T MUT=A461S MUT=A72D MUT=N308D MUT=E76A
KRAS		OG	1	ESCA;LUAD;OV;READ;STAD;pancan;	;	Q61, G13, G12, A146, G60, K117, A59, L19, A11, Q22, D33, K5	G12, G13, P34, A59, G60, Q61, E62, E63, A11, R68, D92, D33, I36	AMP	p.Q61H, p.G12V, p.A59E, p.G12D, p.A146T, p.G13D, p.G12C, p.Q61L, p.G13C, p.G12A, p.V14I, p.G12R, p.G12S, p.Q61R, p.L19F, p.A146P, p.D33E, p.T58K, p.K117N, p.Q61K, p.Q61E, p.A59G, p.G10dup, p.E62K, p.Q22K, p.A11_G12dup, p.P34L, p.K5E, p.G13V, p.A59T, p.A146V, p.Y71C, p.Q61P	yes	AMP	AMP	MUT=Q61 MUT=G13 MUT=G12 MUT=A146 MUT=G60 MUT=K117 MUT=A59 MUT=L19 MUT=A11 MUT=Q22 MUT=D33 MUT=K5 MUT=P34 MUT=E62 MUT=E63 MUT=R68 MUT=D92 MUT=I36 MUT=Q61H MUT=G12V MUT=A59E MUT=G12D MUT=A146T MUT=G13D MUT=G12C MUT=Q61L MUT=G13C MUT=G12A MUT=V14I MUT=G12R MUT=G12S MUT=Q61R MUT=L19F MUT=A146P MUT=D33E MUT=T58K MUT=K117N MUT=Q61K MUT=Q61E MUT=A59G MUT=G10dup MUT=E62K MUT=Q22K MUT=A11_G12dup MUT=P34L MUT=K5E MUT=G13V MUT=A59T MUT=A146V MUT=Y71C MUT=Q61P	KRAS: AMP MUT=Q61 MUT=G13 MUT=G12 MUT=A146 MUT=G60 MUT=K117 MUT=A59 MUT=L19 MUT=A11 MUT=Q22 MUT=D33 MUT=K5 MUT=P34 MUT=E62 MUT=E63 MUT=R68 MUT=D92 MUT=I36 MUT=Q61H MUT=G12V MUT=A59E MUT=G12D MUT=A146T MUT=G13D MUT=G12C MUT=Q61L MUT=G13C MUT=G12A MUT=V14I MUT=G12R MUT=G12S MUT=Q61R MUT=L19F MUT=A146P MUT=D33E MUT=T58K MUT=K117N MUT=Q61K MUT=Q61E MUT=A59G MUT=G10dup MUT=E62K MUT=Q22K MUT=A11_G12dup MUT=P34L MUT=K5E MUT=G13V MUT=A59T MUT=A146V MUT=Y71C MUT=Q61P
HRAS		OG	1	;	LUAD;TGCT;UCS;	Q61, G13, G12, K117	A11, G12, G13, A59, G60, Q61	AMP	p.Q61L, p.G13C, p.G12V, p.Q61K, p.G13R, p.K117R, p.G13V, p.A59T, p.G13D, p.Q61R, p.G12S, p.K117N, p.G12D, p.G12A, p.G12C, p.Q61H, p.G13S, p.G12R	yes	AMP	AMP	MUT=Q61 MUT=G13 MUT=G12 MUT=K117 MUT=A11 MUT=A59 MUT=G60 MUT=Q61L MUT=G13C MUT=G12V MUT=Q61K MUT=G13R MUT=K117R MUT=G13V MUT=A59T MUT=G13D MUT=Q61R MUT=G12S MUT=K117N MUT=G12D MUT=G12A MUT=G12C MUT=Q61H MUT=G13S MUT=G12R	HRAS: AMP MUT=Q61 MUT=G13 MUT=G12 MUT=K117 MUT=A11 MUT=A59 MUT=G60 MUT=Q61L MUT=G13C MUT=G12V MUT=Q61K MUT=G13R MUT=K117R MUT=G13V MUT=A59T MUT=G13D MUT=Q61R MUT=G12S MUT=K117N MUT=G12D MUT=G12A MUT=G12C MUT=Q61H MUT=G13S MUT=G12R
NRAS		OG	1	;	;	Q61, G12, G13, G60	G12, G13, P34, Q61, A83, D33		p.G13D, p.Q61H, p.Q61K, p.G12D, p.Q61R, p.Q61P, p.G12C, p.Q61L, p.G12A, p.G13R, p.G12R, p.G12S, p.G12V	yes	AMP		MUT=Q61 MUT=G12 MUT=G13 MUT=G60 MUT=P34 MUT=A83 MUT=D33 MUT=G13D MUT=Q61H MUT=Q61K MUT=G12D MUT=Q61R MUT=Q61P MUT=G12C MUT=Q61L MUT=G12A MUT=G13R MUT=G12R MUT=G12S MUT=G12V	NRAS:  MUT=Q61 MUT=G12 MUT=G13 MUT=G60 MUT=P34 MUT=A83 MUT=D33 MUT=G13D MUT=Q61H MUT=Q61K MUT=G12D MUT=Q61R MUT=Q61P MUT=G12C MUT=Q61L MUT=G12A MUT=G13R MUT=G12R MUT=G12S MUT=G12V
RIT1		OG	1	;	;	M90	-		p.M90I	no	AMP		MUT=M90I MUT=M90	RIT1:  MUT=M90I MUT=M90
ARAF		OG	0	;	;	S214, P216	-		p.S214F, p.S214C, p.S214T, p.P216L	yes	AMP		MUT=S214 MUT=P216 MUT=S214F MUT=S214C MUT=S214T MUT=P216L	ARAF:  MUT=S214 MUT=P216 MUT=S214F MUT=S214C MUT=S214T MUT=P216L
BRAF		OG	1	pancan	THCA;	V600, G469, K601, D594, N581, G466, L597, L485, G596	G464, G466, S467, G469, V471, G596, L597, V600, D594, K601, N581, L485, H574, W604, Q609	AMP	p.G469V, p.G466V, p.D594N, p.V600E, p.G596D, p.G469R, p.N581S, p.R462T, p.G464V, p.L597V, p.H574Y, p.R671L, p.D594H, p.G596R, p.P367R, p.G469A, p.G466A, p.V600_R603del, p.G596S, p.R462K, p.V471I, p.K601E, p.V600M, p.K601T, p.V600G, p.G466E, p.N581T, p.N581H, p.L485F, p.N486_P490del, p.P490_Q494del, p.N581I, p.D594G, p.D594Y, p.S467L, p.L597Q, p.P367S, p.V600_K601delinsE, p.G469E, p.K601_W604del, p.T241M, p.T488_Q493delinsK, p.F468C	yes	AMP	AMP	MUT=V600 MUT=G469 MUT=K601 MUT=D594 MUT=N581 MUT=G466 MUT=L597 MUT=L485 MUT=G596 MUT=G464 MUT=S467 MUT=V471 MUT=H574 MUT=W604 MUT=Q609 MUT=G469V MUT=G466V MUT=D594N MUT=V600E MUT=G596D MUT=G469R MUT=N581S MUT=R462T MUT=G464V MUT=L597V MUT=H574Y MUT=R671L MUT=D594H MUT=G596R MUT=P367R MUT=G469A MUT=G466A MUT=V600_R603del MUT=G596S MUT=R462K MUT=V471I MUT=K601E MUT=V600M MUT=K601T MUT=V600G MUT=G466E MUT=N581T MUT=N581H MUT=L485F MUT=N486_P490del MUT=P490_Q494del MUT=N581I MUT=D594G MUT=D594Y MUT=S467L MUT=L597Q MUT=P367S MUT=V600_K601delinsE MUT=G469E MUT=K601_W604del MUT=T241M MUT=T488_Q493delinsK MUT=F468C	BRAF: AMP MUT=V600 MUT=G469 MUT=K601 MUT=D594 MUT=N581 MUT=G466 MUT=L597 MUT=L485 MUT=G596 MUT=G464 MUT=S467 MUT=V471 MUT=H574 MUT=W604 MUT=Q609 MUT=G469V MUT=G466V MUT=D594N MUT=V600E MUT=G596D MUT=G469R MUT=N581S MUT=R462T MUT=G464V MUT=L597V MUT=H574Y MUT=R671L MUT=D594H MUT=G596R MUT=P367R MUT=G469A MUT=G466A MUT=V600_R603del MUT=G596S MUT=R462K MUT=V471I MUT=K601E MUT=V600M MUT=K601T MUT=V600G MUT=G466E MUT=N581T MUT=N581H MUT=L485F MUT=N486_P490del MUT=P490_Q494del MUT=N581I MUT=D594G MUT=D594Y MUT=S467L MUT=L597Q MUT=P367S MUT=V600_K601delinsE MUT=G469E MUT=K601_W604del MUT=T241M MUT=T488_Q493delinsK MUT=F468C
RAF1		OG	0		KIRC;	S257, S259	-	AMP	p.S257W, p.S257L, p.S259F, p.P261R	yes	AMP	AMP	MUT=S257 MUT=S259 MUT=S257W MUT=S257L MUT=S259F MUT=P261R	RAF1: AMP MUT=S257 MUT=S259 MUT=S257W MUT=S257L MUT=S259F MUT=P261R
RAC1		OG	1	TGCT	;	P29, A178, N111, Q61, P34, K135, C18	G15, C18, P29	AMP	p.P29S, p.K135N, p.A178V, p.C18F, p.P29T, p.P29L, p.Q61R, p.N111K, p.P34S, p.C18Y	yes	AMP	AMP	MUT=G15 MUT=C18 MUT=P29 MUT=A178 MUT=N111 MUT=Q61 MUT=P34 MUT=K135 MUT=P29S MUT=K135N MUT=A178V MUT=C18F MUT=P29T MUT=P29L MUT=Q61R MUT=N111K MUT=P34S MUT=C18Y	RAC1: AMP MUT=G15 MUT=C18 MUT=P29 MUT=A178 MUT=N111 MUT=Q61 MUT=P34 MUT=K135 MUT=P29S MUT=K135N MUT=A178V MUT=C18F MUT=P29T MUT=P29L MUT=Q61R MUT=N111K MUT=P34S MUT=C18Y
MAP2K1		OG	1	;	;	K57, P124, F53, E203, G128, C121, Y130, Q56, N122	R49, F53, Q56, K57, G128, Y130, A132		p.G128V, p.K57T, p.E102_I103del, p.C121S, p.F53L, p.K57N, p.G128D, p.D67N, p.R49H, p.P124S, p.N122D, p.E203K, p.F53I, p.Q56P, p.R47Q, p.P124L, p.E203V, p.F53V, p.C121R, p.Y130C, p.D67Y, p.I103N, p.G128R, p.F53_Q58delinsL	yes	AMP		MUT=R49 MUT=F53 MUT=Q56 MUT=K57 MUT=G128 MUT=Y130 MUT=A132 MUT=P124 MUT=E203 MUT=C121 MUT=N122 MUT=G128V MUT=K57T MUT=E102_I103del MUT=C121S MUT=F53L MUT=K57N MUT=G128D MUT=D67N MUT=R49H MUT=P124S MUT=N122D MUT=E203K MUT=F53I MUT=Q56P MUT=R47Q MUT=P124L MUT=E203V MUT=F53V MUT=C121R MUT=Y130C MUT=D67Y MUT=I103N MUT=G128R MUT=F53_Q58delinsL	MAP2K1:  MUT=R49 MUT=F53 MUT=Q56 MUT=K57 MUT=G128 MUT=Y130 MUT=A132 MUT=P124 MUT=E203 MUT=C121 MUT=N122 MUT=G128V MUT=K57T MUT=E102_I103del MUT=C121S MUT=F53L MUT=K57N MUT=G128D MUT=D67N MUT=R49H MUT=P124S MUT=N122D MUT=E203K MUT=F53I MUT=Q56P MUT=R47Q MUT=P124L MUT=E203V MUT=F53V MUT=C121R MUT=Y130C MUT=D67Y MUT=I103N MUT=G128R MUT=F53_Q58delinsL
MAP2K2		OG	0	;	UCEC;	F57	-		p.F57V, p.F57L, p.L46F, p.E207K	yes	AMP		MUT=F57 MUT=F57V MUT=F57L MUT=L46F MUT=E207K	MAP2K2:  MUT=F57 MUT=F57V MUT=F57L MUT=L46F MUT=E207K
MAPK1		OG	0	TGCT;	;	E322	E81, R135, G136, D321, E322, P319, Y316	AMP	p.E322K	yes	AMP	AMP	MUT=E322K MUT=E322 MUT=E81 MUT=R135 MUT=G136 MUT=D321 MUT=P319 MUT=Y316	MAPK1: AMP MUT=E322K MUT=E322 MUT=E81 MUT=R135 MUT=G136 MUT=D321 MUT=P319 MUT=Y316
NF1		TSG	1	;	GBM;LAML;LUSC;OV;PCPG;SARC;SKCM;UCEC;pancan	R440, R2450, R1241, R461, R1870	-	HOMDEL	truncating mutations, p.R1276Q, p.Y489C, p.R440P, p.R2450Q, p.R440Q, p.R461Q, p.S1391P, p.R1870Q, p.R1204W	yes	HOMDEL	HOMDEL	MUT = TRUNC MUT=R440 MUT=R2450 MUT=R1241 MUT=R461 MUT=R1870 MUT=R1276Q MUT=Y489C MUT=R440P MUT=R2450Q MUT=R440Q MUT=R461Q MUT=S1391P MUT=R1870Q MUT=R1204W 	NF1: HOMDEL MUT = TRUNC MUT=R440 MUT=R2450 MUT=R1241 MUT=R461 MUT=R1870 MUT=R1276Q MUT=Y489C MUT=R440P MUT=R2450Q MUT=R440Q MUT=R461Q MUT=S1391P MUT=R1870Q MUT=R1204W 
RASA1		TSG	1	;	THCA	-	-	HOMDEL	truncating mutations, p.M1?, p.L481F	yes	HOMDEL	HOMDEL	MUT = TRUNC MUT=M1? MUT=L481F	RASA1: HOMDEL MUT = TRUNC MUT=M1? MUT=L481F
CBL		TSG	0	;		C384	E276, A279, R280, I393, C416, P417, R420	HOMDEL	truncating mutations, p.Q367R, p.Y371H, p.C384R, p.P417S, p.P417H, p.R420G, p.Q367H, p.P417L	yes	HOMDEL	HOMDEL	MUT = TRUNC MUT=C384 MUT=E276 MUT=A279 MUT=R280 MUT=I393 MUT=C416 MUT=P417 MUT=R420 MUT=Q367R MUT=Y371H MUT=C384R MUT=P417S MUT=P417H MUT=R420G MUT=Q367H MUT=P417L	CBL: HOMDEL MUT = TRUNC MUT=C384 MUT=E276 MUT=A279 MUT=R280 MUT=I393 MUT=C416 MUT=P417 MUT=R420 MUT=Q367R MUT=Y371H MUT=C384R MUT=P417S MUT=P417H MUT=R420G MUT=Q367H MUT=P417L
ERRFI1		TSG	0	;	GBM;LGG;TGCT;pancan;	K409	-	HOMDEL	truncating mutations, p.K409N, p.K409T, p.K409Q	no	HOMDEL	HOMDEL	MUT = TRUNC MUT=K409 MUT=K409N MUT=K409T MUT=K409Q	ERRFI1: HOMDEL MUT = TRUNC MUT=K409 MUT=K409N MUT=K409T MUT=K409Q
CBLB		NA	0	;	;	-	-		-	yes				
CBLC		NA	0	;	;	-	-		-	yes				
INSR		NA	0	SARC;	;	-	-		-	yes				
INSRR		NA	0	;	;	-	-		-	yes				
IRS1		NA	0	;	;	-	-		-	yes				
SOS2		NA	0	;	;	-	-		-	yes				
SHC1		NA	0	;	;	-	-		-	yes				
SHC2		NA	0	;	;	-	-		-	yes				
SHC3		NA	0	;	;	-	-		-	yes				
SHC4		NA	0	;	;	-	-		-	yes				
RASGRP1		NA	0	;	;	-	-		-	yes				
RASGRP2		NA	0	;	;	-	-		-	yes				
RASGRP3		NA	0	;	;	-	-		-	yes				
RASGRP4		NA	0	;	;	-	-		-	yes				
RAPGEF1		NA	0	;	;	-	-		-	yes				
RAPGEF2		NA	0	KIRC;	;	-	-		-	yes				
RASGRF1		NA	0	;	;	-	-		-	yes				
RASGRF2		NA	0	;	THCA;	-	-		-	yes				
FNTA		NA	0	;	BLCA;BRCA;COAD;COADREAD;LUAD;READ;THCA;pancan;	-	-		-	yes				
FNTB		NA	0	;	;	-	-		-	yes				
RCE1		NA	0	;	;	-	-		-	yes				
ICMT		NA	0	;	KIRP;SKCM;TGCT;	-	-		-	yes				
MRAS		NA	0	;	;	-	-		-	yes				
PLXNB1		NA	0	;	KIRC;LGG;	-	C1271, V1272, R1273		-	yes				
MAPK3		NA	0	;	DLBC;	-	-		-	yes				
ARHGAP35		NA	1	;	BRCA;LUSC;pancan;	-	-		-	yes				
RASA2		NA	0	;	;	-	-		-	yes				
RASA3		NA	0	BRCA;CESC;	TGCT;	-	-		-	yes				
RASAL1		NA	0	;	;	-	-		-	yes				
RASAL2		NA	0	;	;	-	-		-	yes				
RASAL3		NA	0	ACC;LIHC;	;	-	-		-	yes				
SPRED1		NA	0	;	SKCM;	R349	-		p.R349S	yes				
SPRED2		NA	0	;	;	-	-		-	yes				
SPRED3		NA	0	;	;	-	-		-	yes				
DAB2IP		NA	0	;	;	-	-		-	yes				
SHOC2		NA	0	;	MESO;	-	-		-	yes				
PPP1CA		NA	0	;	;	-	-		-	yes				
SCRIB		NA	0	;	;	-	-		-	yes				
PIN1		NA	0	;	;	-	-		-	yes				
KSR1		NA	0	;	;	-	-		-	yes				
KSR2		NA	0	;	;	-	-		-	yes				
PEBP1		NA	0	;	;	-	-		-	yes				
ERF		TSG	0	;	;	-	-		truncating mutations	yes				
PEA15		NA	0	;	;	-	-		-	yes				
JAK2		OG	0		;	-	-	AMP	fusion gene, p.R683I, p.R683T, p.V617F	no		AMP	MUT=V617F MUT=R683I MUT=R683T	JAK2: AMP MUT=V617F MUT=R683I MUT=R683T
